Episode,Eval Reward,Eval Steps
0,-114.47879012152552,84.0
50,-88.06470206675586,134.6
100,-93.75391057275701,78.0
150,-90.34393500140868,135.6
