Episode,Eval Reward,Eval Steps
0,-114.47879012152552,84.0
50,-88.06470206675586,134.6
