Episode,Eval Reward,Eval Steps
0,-114.47879012152552,84.0
50,-88.06470206675586,134.6
100,-93.75391057275701,78.0
150,-90.34393500140868,135.6
200,-90.3589767853031,113.0
250,-86.97207500617951,99.8
300,-78.43553260774351,138.2
350,-71.35558205768466,138.2
