{"episode_count": 1978, "best_reward": 252.22549994499423, "action_std": 0.23008535197853666, "normalizer_state": {"state_mean": [0.3196648359298706, 0.3196648359298706, 0.3196648359298706, 0.3196648359298706, 0.3196648359298706, 0.3196648359298706, 0.3196648359298706, 0.3196648359298706, 0.3196648359298706, 0.3196648359298706, 0.3196648359298706, 0.3196648359298706, 0.3196648359298706, 0.3196648359298706, 0.3196648359298706, 0.3196648359298706, 0.3196648359298706, 0.3196648359298706, 0.3196648359298706, 0.3196648359298706, 0.3196648359298706, 0.3196648359298706, 0.3196648359298706, 0.3196648359298706], "state_var": [0.220285102725029, 0.220285102725029, 0.220285102725029, 0.220285102725029, 0.220285102725029, 0.220285102725029, 0.220285102725029, 0.220285102725029, 0.220285102725029, 0.220285102725029, 0.220285102725029, 0.220285102725029, 0.220285102725029, 0.220285102725029, 0.220285102725029, 0.220285102725029, 0.220285102725029, 0.220285102725029, 0.220285102725029, 0.220285102725029, 0.220285102725029, 0.220285102725029, 0.220285102725029, 0.220285102725029], "state_count": 10165332.0001, "value_mean": 0.0, "value_var": 1.0, "value_count": 0.0001}}