{"episode_count": 500, "best_reward": 217.74465735338163, "action_std": 0.6, "normalizer_state": {"state_mean": [0.3271903395652771, 0.3271903395652771, 0.3271903395652771, 0.3271903395652771, 0.3271903395652771, 0.3271903395652771, 0.3271903395652771, 0.3271903395652771, 0.3271903395652771, 0.3271903395652771, 0.3271903395652771, 0.3271903395652771, 0.3271903395652771, 0.3271903395652771, 0.3271903395652771, 0.3271903395652771, 0.3271903395652771, 0.3271903395652771, 0.3271903395652771, 0.3271903395652771, 0.3271903395652771, 0.3271903395652771, 0.3271903395652771, 0.3271903395652771], "state_var": [0.2170068472623825, 0.2170068472623825, 0.2170068472623825, 0.2170068472623825, 0.2170068472623825, 0.2170068472623825, 0.2170068472623825, 0.2170068472623825, 0.2170068472623825, 0.2170068472623825, 0.2170068472623825, 0.2170068472623825, 0.2170068472623825, 0.2170068472623825, 0.2170068472623825, 0.2170068472623825, 0.2170068472623825, 0.2170068472623825, 0.2170068472623825, 0.2170068472623825, 0.2170068472623825, 0.2170068472623825, 0.2170068472623825, 0.2170068472623825], "state_count": 1631988.0001, "value_mean": 0.0, "value_var": 1.0, "value_count": 0.0001}}