{"episode_count": 9215, "best_reward": 253.6962076900527, "action_std": 0.2, "normalizer_state": {"state_mean": [0.31966549158096313, 0.31966549158096313, 0.31966549158096313, 0.31966549158096313, 0.31966549158096313, 0.31966549158096313, 0.31966549158096313, 0.31966549158096313, 0.31966549158096313, 0.31966549158096313, 0.31966549158096313, 0.31966549158096313, 0.31966549158096313, 0.31966549158096313, 0.31966549158096313, 0.31966549158096313, 0.31966549158096313, 0.31966549158096313, 0.31966549158096313, 0.31966549158096313, 0.31966549158096313, 0.31966549158096313, 0.31966549158096313, 0.31966549158096313], "state_var": [0.134723499417305, 0.134723499417305, 0.134723499417305, 0.134723499417305, 0.134723499417305, 0.134723499417305, 0.134723499417305, 0.134723499417305, 0.134723499417305, 0.134723499417305, 0.134723499417305, 0.134723499417305, 0.134723499417305, 0.134723499417305, 0.134723499417305, 0.134723499417305, 0.134723499417305, 0.134723499417305, 0.134723499417305, 0.134723499417305, 0.134723499417305, 0.134723499417305, 0.134723499417305, 0.134723499417305], "state_count": 54185732.0001, "value_mean": 0.0, "value_var": 1.0, "value_count": 0.0001}}