{"episode_count": 1500, "best_reward": 252.22549994499423, "action_std": 0.3674857313939463, "normalizer_state": {"state_mean": [0.31979185342788696, 0.31979185342788696, 0.31979185342788696, 0.31979185342788696, 0.31979185342788696, 0.31979185342788696, 0.31979185342788696, 0.31979185342788696, 0.31979185342788696, 0.31979185342788696, 0.31979185342788696, 0.31979185342788696, 0.31979185342788696, 0.31979185342788696, 0.31979185342788696, 0.31979185342788696, 0.31979185342788696, 0.31979185342788696, 0.31979185342788696, 0.31979185342788696, 0.31979185342788696, 0.31979185342788696, 0.31979185342788696, 0.31979185342788696], "state_var": [0.21804368495941162, 0.21804368495941162, 0.21804368495941162, 0.21804368495941162, 0.21804368495941162, 0.21804368495941162, 0.21804368495941162, 0.21804368495941162, 0.21804368495941162, 0.21804368495941162, 0.21804368495941162, 0.21804368495941162, 0.21804368495941162, 0.21804368495941162, 0.21804368495941162, 0.21804368495941162, 0.21804368495941162, 0.21804368495941162, 0.21804368495941162, 0.21804368495941162, 0.21804368495941162, 0.21804368495941162, 0.21804368495941162, 0.21804368495941162], "state_count": 7342646.0001, "value_mean": 0.0, "value_var": 1.0, "value_count": 0.0001}}