{"episode_count": 1000, "best_reward": 252.22549994499423, "action_std": 0.6, "normalizer_state": {"state_mean": [0.32085248827934265, 0.32085248827934265, 0.32085248827934265, 0.32085248827934265, 0.32085248827934265, 0.32085248827934265, 0.32085248827934265, 0.32085248827934265, 0.32085248827934265, 0.32085248827934265, 0.32085248827934265, 0.32085248827934265, 0.32085248827934265, 0.32085248827934265, 0.32085248827934265, 0.32085248827934265, 0.32085248827934265, 0.32085248827934265, 0.32085248827934265, 0.32085248827934265, 0.32085248827934265, 0.32085248827934265, 0.32085248827934265, 0.32085248827934265], "state_var": [0.21652600169181824, 0.21652600169181824, 0.21652600169181824, 0.21652600169181824, 0.21652600169181824, 0.21652600169181824, 0.21652600169181824, 0.21652600169181824, 0.21652600169181824, 0.21652600169181824, 0.21652600169181824, 0.21652600169181824, 0.21652600169181824, 0.21652600169181824, 0.21652600169181824, 0.21652600169181824, 0.21652600169181824, 0.21652600169181824, 0.21652600169181824, 0.21652600169181824, 0.21652600169181824, 0.21652600169181824, 0.21652600169181824, 0.21652600169181824], "state_count": 4448552.0001, "value_mean": 0.0, "value_var": 1.0, "value_count": 0.0001}}