{"episode_count": 2487, "best_reward": 252.22549994499423, "action_std": 0.2, "normalizer_state": {"state_mean": [0.31966549158096313, 0.31966549158096313, 0.31966549158096313, 0.31966549158096313, 0.31966549158096313, 0.31966549158096313, 0.31966549158096313, 0.31966549158096313, 0.31966549158096313, 0.31966549158096313, 0.31966549158096313, 0.31966549158096313, 0.31966549158096313, 0.31966549158096313, 0.31966549158096313, 0.31966549158096313, 0.31966549158096313, 0.31966549158096313, 0.31966549158096313, 0.31966549158096313, 0.31966549158096313, 0.31966549158096313, 0.31966549158096313, 0.31966549158096313], "state_var": [0.22722336649894714, 0.22722336649894714, 0.22722336649894714, 0.22722336649894714, 0.22722336649894714, 0.22722336649894714, 0.22722336649894714, 0.22722336649894714, 0.22722336649894714, 0.22722336649894714, 0.22722336649894714, 0.22722336649894714, 0.22722336649894714, 0.22722336649894714, 0.22722336649894714, 0.22722336649894714, 0.22722336649894714, 0.22722336649894714, 0.22722336649894714, 0.22722336649894714, 0.22722336649894714, 0.22722336649894714, 0.22722336649894714, 0.22722336649894714], "state_count": 13255012.0001, "value_mean": 0.0, "value_var": 1.0, "value_count": 0.0001}}