{"episode_count": 2000, "best_reward": 252.22549994499423, "action_std": 0.22507627129690624, "normalizer_state": {"state_mean": [0.31966474652290344, 0.31966474652290344, 0.31966474652290344, 0.31966474652290344, 0.31966474652290344, 0.31966474652290344, 0.31966474652290344, 0.31966474652290344, 0.31966474652290344, 0.31966474652290344, 0.31966474652290344, 0.31966474652290344, 0.31966474652290344, 0.31966474652290344, 0.31966474652290344, 0.31966474652290344, 0.31966474652290344, 0.31966474652290344, 0.31966474652290344, 0.31966474652290344, 0.31966474652290344, 0.31966474652290344, 0.31966474652290344, 0.31966474652290344], "state_var": [0.22066688537597656, 0.22066688537597656, 0.22066688537597656, 0.22066688537597656, 0.22066688537597656, 0.22066688537597656, 0.22066688537597656, 0.22066688537597656, 0.22066688537597656, 0.22066688537597656, 0.22066688537597656, 0.22066688537597656, 0.22066688537597656, 0.22066688537597656, 0.22066688537597656, 0.22066688537597656, 0.22066688537597656, 0.22066688537597656, 0.22066688537597656, 0.22066688537597656, 0.22066688537597656, 0.22066688537597656, 0.22066688537597656, 0.22066688537597656], "state_count": 10297332.0001, "value_mean": 0.0, "value_var": 1.0, "value_count": 0.0001}}