{"episode_count": 2138, "best_reward": 252.22549994499423, "action_std": 0.2, "normalizer_state": {"state_mean": [0.31966546177864075, 0.31966546177864075, 0.31966546177864075, 0.31966546177864075, 0.31966546177864075, 0.31966546177864075, 0.31966546177864075, 0.31966546177864075, 0.31966546177864075, 0.31966546177864075, 0.31966546177864075, 0.31966546177864075, 0.31966546177864075, 0.31966546177864075, 0.31966546177864075, 0.31966546177864075, 0.31966546177864075, 0.31966546177864075, 0.31966546177864075, 0.31966546177864075, 0.31966546177864075, 0.31966546177864075, 0.31966546177864075, 0.31966546177864075], "state_var": [0.22288356721401215, 0.22288356721401215, 0.22288356721401215, 0.22288356721401215, 0.22288356721401215, 0.22288356721401215, 0.22288356721401215, 0.22288356721401215, 0.22288356721401215, 0.22288356721401215, 0.22288356721401215, 0.22288356721401215, 0.22288356721401215, 0.22288356721401215, 0.22288356721401215, 0.22288356721401215, 0.22288356721401215, 0.22288356721401215, 0.22288356721401215, 0.22288356721401215, 0.22288356721401215, 0.22288356721401215, 0.22288356721401215, 0.22288356721401215], "state_count": 11137377.0001, "value_mean": 0.0, "value_var": 1.0, "value_count": 0.0001}}