{"episode_count": 1500, "best_reward": 251.98651213175617, "action_std": 0.46959394984310504, "normalizer_state": {"state_mean": [0.3179493248462677, 0.3179493248462677, 0.3179493248462677, 0.3179493248462677, 0.3179493248462677, 0.3179493248462677, 0.3179493248462677, 0.3179493248462677, 0.3179493248462677, 0.3179493248462677, 0.3179493248462677, 0.3179493248462677, 0.3179493248462677, 0.3179493248462677, 0.3179493248462677, 0.3179493248462677, 0.3179493248462677, 0.3179493248462677, 0.3179493248462677, 0.3179493248462677, 0.3179493248462677, 0.3179493248462677, 0.3179493248462677, 0.3179493248462677], "state_var": [0.21807554364204407, 0.21807554364204407, 0.21807554364204407, 0.21807554364204407, 0.21807554364204407, 0.21807554364204407, 0.21807554364204407, 0.21807554364204407, 0.21807554364204407, 0.21807554364204407, 0.21807554364204407, 0.21807554364204407, 0.21807554364204407, 0.21807554364204407, 0.21807554364204407, 0.21807554364204407, 0.21807554364204407, 0.21807554364204407, 0.21807554364204407, 0.21807554364204407, 0.21807554364204407, 0.21807554364204407, 0.21807554364204407, 0.21807554364204407], "state_count": 7308371.0001, "value_mean": 0.0, "value_var": 1.0, "value_count": 0.0001}}