{"episode_count": 1000, "best_reward": 229.2195736230351, "action_std": 0.6, "normalizer_state": {"state_mean": [0.3187674582004547, 0.3187674582004547, 0.3187674582004547, 0.3187674582004547, 0.3187674582004547, 0.3187674582004547, 0.3187674582004547, 0.3187674582004547, 0.3187674582004547, 0.3187674582004547, 0.3187674582004547, 0.3187674582004547, 0.3187674582004547, 0.3187674582004547, 0.3187674582004547, 0.3187674582004547, 0.3187674582004547, 0.3187674582004547, 0.3187674582004547, 0.3187674582004547, 0.3187674582004547, 0.3187674582004547, 0.3187674582004547, 0.3187674582004547], "state_var": [0.21636103093624115, 0.21636103093624115, 0.21636103093624115, 0.21636103093624115, 0.21636103093624115, 0.21636103093624115, 0.21636103093624115, 0.21636103093624115, 0.21636103093624115, 0.21636103093624115, 0.21636103093624115, 0.21636103093624115, 0.21636103093624115, 0.21636103093624115, 0.21636103093624115, 0.21636103093624115, 0.21636103093624115, 0.21636103093624115, 0.21636103093624115, 0.21636103093624115, 0.21636103093624115, 0.21636103093624115, 0.21636103093624115, 0.21636103093624115], "state_count": 4412395.0001, "value_mean": 0.0, "value_var": 1.0, "value_count": 0.0001}}