{"episode_count": 17118, "best_reward": 257.93551887827925, "action_std": 0.1, "normalizer_state": {"state_mean": [0.3177323043346405, 0.3177323043346405, 0.3177323043346405, 0.3177323043346405, 0.3177323043346405, 0.3177323043346405, 0.3177323043346405, 0.3177323043346405, 0.3177323043346405, 0.3177323043346405, 0.3177323043346405, 0.3177323043346405, 0.3177323043346405, 0.3177323043346405, 0.3177323043346405, 0.3177323043346405, 0.3177323043346405, 0.3177323043346405, 0.3177323043346405, 0.3177323043346405, 0.3177323043346405, 0.3177323043346405, 0.3177323043346405, 0.3177323043346405], "state_var": [0.08194254338741302, 0.08194254338741302, 0.08194254338741302, 0.08194254338741302, 0.08194254338741302, 0.08194254338741302, 0.08194254338741302, 0.08194254338741302, 0.08194254338741302, 0.08194254338741302, 0.08194254338741302, 0.08194254338741302, 0.08194254338741302, 0.08194254338741302, 0.08194254338741302, 0.08194254338741302, 0.08194254338741302, 0.08194254338741302, 0.08194254338741302, 0.08194254338741302, 0.08194254338741302, 0.08194254338741302, 0.08194254338741302, 0.08194254338741302], "state_count": 102373344.0001, "value_mean": 0.0, "value_var": 1.0, "value_count": 0.0001}}