{"episode_count": 2000, "best_reward": 254.7703742799349, "action_std": 0.3675307962154143, "normalizer_state": {"state_mean": [0.31773480772972107, 0.31773480772972107, 0.31773480772972107, 0.31773480772972107, 0.31773480772972107, 0.31773480772972107, 0.31773480772972107, 0.31773480772972107, 0.31773480772972107, 0.31773480772972107, 0.31773480772972107, 0.31773480772972107, 0.31773480772972107, 0.31773480772972107, 0.31773480772972107, 0.31773480772972107, 0.31773480772972107, 0.31773480772972107, 0.31773480772972107, 0.31773480772972107, 0.31773480772972107, 0.31773480772972107, 0.31773480772972107, 0.31773480772972107], "state_var": [0.22021420300006866, 0.22021420300006866, 0.22021420300006866, 0.22021420300006866, 0.22021420300006866, 0.22021420300006866, 0.22021420300006866, 0.22021420300006866, 0.22021420300006866, 0.22021420300006866, 0.22021420300006866, 0.22021420300006866, 0.22021420300006866, 0.22021420300006866, 0.22021420300006866, 0.22021420300006866, 0.22021420300006866, 0.22021420300006866, 0.22021420300006866, 0.22021420300006866, 0.22021420300006866, 0.22021420300006866, 0.22021420300006866, 0.22021420300006866], "state_count": 10149854.0001, "value_mean": 0.0, "value_var": 1.0, "value_count": 0.0001}}