{"episode_count": 15289, "best_reward": 255.90608520852402, "action_std": 0.2, "normalizer_state": {"state_mean": [0.31966549158096313, 0.31966549158096313, 0.31966549158096313, 0.31966549158096313, 0.31966549158096313, 0.31966549158096313, 0.31966549158096313, 0.31966549158096313, 0.31966549158096313, 0.31966549158096313, 0.31966549158096313, 0.31966549158096313, 0.31966549158096313, 0.31966549158096313, 0.31966549158096313, 0.31966549158096313, 0.31966549158096313, 0.31966549158096313, 0.31966549158096313, 0.31966549158096313, 0.31966549158096313, 0.31966549158096313, 0.31966549158096313, 0.31966549158096313], "state_var": [0.09209875017404556, 0.09209875017404556, 0.09209875017404556, 0.09209875017404556, 0.09209875017404556, 0.09209875017404556, 0.09209875017404556, 0.09209875017404556, 0.09209875017404556, 0.09209875017404556, 0.09209875017404556, 0.09209875017404556, 0.09209875017404556, 0.09209875017404556, 0.09209875017404556, 0.09209875017404556, 0.09209875017404556, 0.09209875017404556, 0.09209875017404556, 0.09209875017404556, 0.09209875017404556, 0.09209875017404556, 0.09209875017404556, 0.09209875017404556], "state_count": 91083200.0001, "value_mean": 0.0, "value_var": 1.0, "value_count": 0.0001}}